Date,AAPL,AXP,CSCO,GE,GS,IBM,INTC,JPM,MMM,MSFT,TRV,VZ
2021-08-02,143.64,164.93,52.19,77.94,356.46,121.08,49.94,142.49,178.67,279.22,142.62,49.71
2021-08-03,145.46,164.71,52.94,79.84,358.51,123.35,50.3,144.12,181.84,281.47,144.0,49.68
2021-08-04,145.05,163.75,52.41,79.73,356.15,122.23,50.15,142.56,178.68,280.87,143.16,49.36
2021-08-05,145.16,165.28,52.48,79.81,362.22,122.24,50.47,144.36,178.92,283.82,144.18,49.3
2021-08-06,144.47,166.97,52.32,80.97,375.03,123.37,50.49,148.46,179.22,283.77,146.32,49.23
2021-08-09,144.42,166.41,52.21,80.35,376.9,122.33,50.62,148.3,178.58,282.66,146.85,49.14
2021-08-10,143.93,165.15,52.34,82.18,384.53,122.44,50.51,150.12,180.23,280.81,147.67,49.46
2021-08-11,144.19,166.3,52.57,82.15,390.11,123.09,50.7,151.91,182.33,281.31,149.57,49.54
2021-08-12,147.19,164.2,53.07,82.52,391.15,123.9,50.14,152.5,182.2,284.11,149.84,49.6
2021-08-13,147.39,161.83,53.15,81.28,387.18,124.0,50.09,150.8,181.43,287.09,149.67,49.81
2021-08-16,149.39,161.5,52.97,80.07,384.89,124.35,50.07,149.81,183.01,288.8,151.04,49.91
2021-08-17,148.47,160.43,52.71,78.73,381.7,123.34,49.34,148.0,180.5,287.31,152.15,50.08
2021-08-18,144.69,157.98,51.91,78.56,375.89,120.79,48.87,146.65,177.75,285.56,151.97,49.45
2021-08-19,145.02,154.96,53.9,77.02,370.96,119.53,49.11,145.43,176.71,291.49,152.7,49.36
2021-08-20,146.5,155.66,54.79,77.51,373.12,120.47,48.71,145.84,176.97,298.94,154.0,49.5
2021-08-23,148.0,156.34,55.1,78.22,378.38,120.92,49.85,147.71,177.44,299.23,153.1,49.41
2021-08-24,147.91,157.07,55.83,80.01,385.08,121.11,50.39,148.62,177.51,297.24,153.81,49.04
2021-08-25,146.66,161.92,55.86,81.11,389.38,121.12,50.39,151.68,177.13,296.64,155.67,48.97
2021-08-26,145.85,161.27,55.72,80.09,388.71,120.19,49.75,152.47,178.02,293.77,153.17,48.68
2021-08-27,146.9,164.33,55.55,82.19,395.58,120.73,50.47,153.69,177.78,294.39,155.2,48.83
2021-08-30,151.37,160.05,55.65,81.49,389.84,120.35,50.51,151.23,178.8,298.19,152.66,48.83
2021-08-31,150.09,161.71,55.55,81.66,391.64,121.54,50.63,150.77,177.5,296.51,152.92,49.03
2021-09-01,150.77,160.23,55.57,80.31,391.79,120.64,50.26,150.55,176.31,296.46,152.51,48.98
2021-09-02,151.89,157.9,56.03,82.32,392.58,121.25,50.32,151.25,177.63,295.79,153.17,49.29
2021-09-03,152.54,155.22,55.92,81.15,389.56,120.88,50.11,150.34,177.18,295.78,152.4,49.42
2021-09-07,154.9,155.63,55.42,80.02,388.62,119.57,50.24,150.07,169.15,294.84,151.09,48.87
2021-09-08,153.34,154.86,55.23,79.47,383.58,120.09,50.17,149.4,171.25,294.87,151.99,48.95
2021-09-09,152.31,155.31,55.15,80.02,383.19,119.29,50.01,150.05,169.3,291.96,152.09,48.53
2021-09-10,147.27,154.65,54.48,79.02,382.14,118.66,50.42,148.33,168.21,290.45,150.55,48.35
2021-09-13,147.84,157.31,54.68,80.93,387.62,119.64,51.5,150.69,168.83,291.71,152.99,48.69
2021-09-14,146.43,155.39,54.47,77.77,382.34,117.97,51.06,148.06,166.27,294.46,150.54,48.51
2021-09-15,147.33,157.21,54.17,79.15,380.7,118.82,51.62,149.08,167.88,299.4,151.72,48.65
2021-09-16,147.09,158.46,53.96,78.51,375.7,118.15,51.35,149.02,166.49,299.79,150.85,48.52
2021-09-17,144.39,159.72,53.51,77.84,370.76,117.11,50.81,148.63,165.42,294.53,150.48,48.39
2021-09-20,141.31,156.46,52.6,77.32,358.13,116.32,49.61,144.18,164.54,289.06,146.99,48.37
2021-09-21,141.79,159.09,52.01,75.01,355.97,115.16,49.51,144.2,162.62,289.55,147.28,48.17
2021-09-22,144.18,163.2,52.25,76.34,365.09,116.59,50.1,146.96,163.92,293.27,148.64,48.19
2021-09-23,145.15,168.92,53.35,79.76,371.14,118.41,50.6,151.93,165.46,294.23,150.22,48.52
2021-09-24,145.24,171.22,53.39,80.48,370.18,119.07,50.78,153.68,165.01,294.02,150.65,48.47
2021-09-27,143.71,172.24,52.91,81.68,378.67,120.0,51.19,157.4,165.69,288.94,150.48,48.56
2021-09-28,140.29,168.7,52.25,81.97,368.9,119.05,50.57,156.55,164.11,278.47,147.79,48.28
2021-09-29,141.2,167.15,52.22,82.4,364.54,120.54,50.09,156.43,164.86,278.95,149.12,48.48
2021-09-30,139.88,163.24,51.23,79.88,358.04,120.32,49.89,154.3,159.89,276.9,146.36,48.15
2021-10-01,141.02,169.48,51.9,82.04,359.91,124.12,50.44,157.54,161.04,283.96,146.76,48.41
2021-10-04,137.55,168.24,51.38,81.33,354.37,124.8,50.07,157.37,160.45,278.07,145.75,48.59
2021-10-05,139.5,170.28,51.82,81.33,365.41,123.97,50.52,159.94,162.13,283.62,147.89,48.6
2021-10-06,140.38,168.96,51.11,80.89,367.53,123.29,50.55,160.28,162.6,287.89,149.33,48.61
2021-10-07,141.65,170.25,52.13,81.8,369.96,122.81,50.74,161.29,162.06,289.6,151.4,48.62
2021-10-08,141.27,171.09,52.19,81.19,372.04,124.03,50.39,161.42,161.28,289.6,151.48,48.03
2021-10-11,141.18,169.44,52.05,80.7,364.87,123.35,50.04,158.02,160.67,288.99,150.42,47.07
2021-10-12,139.89,170.85,51.43,79.64,366.09,121.65,48.86,156.81,159.99,287.67,150.66,46.3
2021-10-13,139.3,164.81,51.75,79.36,365.88,121.9,48.94,152.67,161.48,291.04,150.58,46.32
2021-10-14,142.12,167.53,52.73,79.66,370.51,124.18,50.48,155.02,164.35,297.36,150.87,46.84
2021-10-15,143.18,171.73,52.35,80.95,384.6,125.24,51.0,157.99,165.83,298.8,149.86,47.15
2021-10-18,144.87,172.72,52.29,80.73,391.81,123.25,51.01,157.94,165.63,301.82,147.2,46.83
2021-10-19,147.06,173.2,52.82,81.2,390.37,122.96,51.7,159.85,166.17,302.75,149.61,47.22
2021-10-20,147.55,175.43,53.25,82.18,386.32,122.89,51.85,162.01,166.27,301.94,152.79,48.36
2021-10-21,147.77,173.35,52.77,79.97,386.04,111.14,52.44,160.73,165.99,305.23,154.24,48.16
2021-10-22,146.99,182.74,52.22,80.67,392.41,110.75,46.32,162.9,164.79,303.66,156.34,47.75
2021-10-25,146.94,178.08,52.25,81.64,392.82,110.54,46.27,162.1,166.25,302.65,155.57,47.43
2021-10-26,147.61,176.75,52.88,83.3,395.53,110.1,45.21,162.54,166.03,304.59,154.47,47.88
2021-10-27,147.15,173.9,53.23,80.52,389.26,108.4,44.85,159.15,162.46,317.42,153.84,47.48
2021-10-28,150.83,170.56,53.29,81.61,392.88,108.98,45.03,161.55,163.94,318.58,155.57,47.63
2021-10-29,148.09,169.75,53.03,81.31,391.49,108.34,45.89,161.1,162.86,325.72,154.9,47.8
2021-11-01,147.26,170.17,53.16,82.36,394.67,109.36,46.4,161.02,163.68,323.51,154.16,47.77
2021-11-02,148.3,169.15,54.6,82.72,401.44,109.28,46.69,161.65,165.86,327.2,152.92,47.42
2021-11-03,149.76,168.61,54.62,82.16,395.8,110.1,47.19,161.71,166.09,328.06,154.29,47.76
2021-11-04,149.23,168.53,54.12,81.57,386.49,109.47,47.44,159.59,164.62,330.45,150.68,46.77
2021-11-05,149.77,172.59,54.08,84.31,385.55,111.98,48.02,159.36,165.7,330.08,153.67,47.12
2021-11-08,148.94,175.87,54.01,84.06,386.75,112.82,48.61,160.32,165.47,330.99,152.8,47.21
2021-11-09,149.3,175.69,54.43,86.29,383.92,110.94,48.28,159.1,165.27,329.97,151.55,47.12
2021-11-10,146.44,177.18,54.74,84.48,378.01,110.36,47.87,158.95,166.27,324.91,152.34,47.45
2021-11-11,146.39,177.09,53.78,82.96,381.06,110.4,47.65,158.94,164.25,326.51,151.96,47.31
2021-11-12,148.49,177.67,53.84,83.42,383.5,109.2,47.44,158.23,167.4,330.73,151.57,47.21
2021-11-15,148.5,178.88,54.26,82.7,383.4,109.12,47.45,157.95,167.08,330.09,152.19,47.27
2021-11-16,149.49,176.72,54.01,80.13,381.78,108.74,47.72,156.81,167.13,333.47,153.08,46.96
2021-11-17,151.96,175.44,53.78,79.07,370.85,108.37,47.37,155.97,167.11,333.69,150.61,46.66
2021-11-18,156.29,172.12,50.82,78.05,370.67,107.09,46.85,154.62,164.27,335.81,150.23,46.22
2021-11-19,158.95,169.51,50.46,77.5,366.91,106.53,46.7,152.6,164.69,337.62,146.86,45.88
2021-11-22,159.41,166.94,51.73,78.34,375.21,106.92,46.99,155.85,165.08,334.39,151.04,46.49
2021-11-23,159.8,166.89,52.4,79.14,384.85,107.21,46.3,159.58,164.9,332.28,154.3,46.68
2021-11-24,160.32,167.63,52.63,79.26,378.08,107.15,46.92,158.33,163.22,332.5,153.06,46.6
2021-11-26,155.24,153.18,51.8,75.86,368.8,106.31,46.0,153.56,161.28,324.41,147.95,46.73
2021-11-29,158.64,154.2,52.83,76.29,366.1,108.78,47.15,152.89,161.93,331.24,146.74,46.6
2021-11-30,163.65,148.77,51.96,73.65,360.84,107.49,46.39,150.62,156.24,325.3,141.49,45.35
2021-12-01,163.12,146.58,52.14,72.1,358.45,107.33,45.83,149.73,156.88,324.8,140.07,44.9
2021-12-02,162.12,153.13,53.2,73.83,368.98,107.31,46.68,152.87,156.45,324.22,144.58,45.76
2021-12-03,160.22,152.32,53.28,71.93,364.4,109.09,46.44,150.1,158.59,317.84,143.62,46.39
2021-12-06,163.67,156.95,53.97,74.44,370.66,110.07,48.08,151.88,162.82,320.97,146.18,46.07
2021-12-07,169.47,163.08,55.03,75.63,380.95,111.61,49.57,154.16,162.23,329.56,147.4,45.82
2021-12-08,173.33,165.01,54.03,76.2,378.3,112.93,48.8,152.4,161.76,329.61,147.97,45.55
2021-12-09,172.82,164.12,54.53,75.85,377.51,113.43,47.6,152.16,161.67,327.77,148.64,45.25
2021-12-10,177.66,163.16,56.14,75.17,372.34,113.91,47.71,151.56,162.73,337.06,149.37,45.28
2021-12-13,173.98,159.51,55.53,72.21,366.22,112.52,47.15,149.75,160.42,333.97,148.34,45.36
2021-12-14,172.59,159.07,54.74,71.41,370.2,113.61,46.87,150.9,160.54,323.09,151.77,45.69
2021-12-15,177.51,158.48,56.79,71.39,371.24,113.01,47.78,149.77,161.52,329.3,153.36,45.6
2021-12-16,170.54,159.22,57.15,71.74,378.34,115.6,47.93,152.12,163.84,319.7,156.9,47.58
2021-12-17,169.43,156.3,57.29,70.9,363.52,116.95,47.73,148.65,160.57,318.62,153.19,47.96
2021-12-20,168.05,152.27,57.19,69.82,353.82,116.64,46.77,145.98,158.63,314.79,148.68,47.89
2021-12-21,171.26,157.18,57.83,72.21,362.11,118.39,47.88,148.02,158.89,322.05,150.6,47.61
2021-12-22,173.88,158.7,58.3,72.22,364.02,119.11,48.06,148.6,158.63,327.87,149.8,47.6
2021-12-23,174.52,160.38,59.01,72.94,366.6,119.91,48.38,149.13,160.77,329.34,149.76,47.52
2021-12-27,178.53,160.58,60.09,73.43,369.46,120.82,48.98,149.98,162.36,336.97,151.11,47.52
2021-12-28,177.5,160.6,60.2,73.95,369.05,121.75,48.81,150.44,163.23,335.79,152.15,47.56
2021-12-29,177.59,160.03,60.6,73.56,367.71,122.41,48.87,150.36,163.94,336.48,152.52,47.23
2021-12-30,176.42,160.35,60.28,73.49,367.06,122.92,48.79,150.28,163.23,333.89,151.85,47.13
2021-12-31,175.8,159.81,60.04,73.31,364.23,122.69,48.56,150.16,163.22,330.94,151.48,46.87
2022-01-03,180.19,164.31,59.85,74.68,376.4,124.88,50.18,153.34,163.32,329.39,150.83,47.31
2022-01-04,177.9,169.58,58.38,77.11,387.97,126.7,50.11,159.15,165.61,323.75,153.97,48.23
2022-01-05,173.17,167.78,57.45,77.11,379.54,126.88,50.8,156.24,164.93,311.32,154.72,48.73
2022-01-06,170.28,169.31,58.06,77.56,377.92,124.24,50.93,157.9,163.56,308.86,157.2,48.5
2022-01-07,170.45,170.76,58.26,78.69,378.48,123.77,50.39,159.47,165.35,309.02,160.98,49.52
2022-01-10,170.47,170.14,58.92,77.15,380.06,123.95,52.06,159.62,163.02,309.24,158.87,49.18
2022-01-11,173.33,171.74,59.45,78.99,383.75,121.97,52.72,159.78,164.46,309.94,158.0,48.92
2022-01-12,173.78,170.85,59.21,79.34,371.62,122.63,52.56,160.69,164.86,313.18,157.82,48.8
2022-01-13,170.47,169.7,58.62,79.51,372.09,123.7,51.81,160.49,166.33,299.92,157.89,48.86
2022-01-14,171.34,164.91,58.48,80.05,362.7,123.2,52.52,150.62,164.24,305.24,158.05,48.64
2022-01-18,168.1,162.72,56.93,79.84,337.43,122.03,51.64,144.31,163.82,297.81,158.4,48.78
2022-01-19,164.57,158.04,56.14,78.08,330.69,120.79,50.56,142.08,164.0,298.48,155.01,48.84
2022-01-20,162.87,157.58,55.36,76.24,331.43,120.09,49.07,140.86,159.49,296.78,159.96,48.75
2022-01-21,160.79,155.45,54.02,74.73,327.44,118.74,49.07,138.4,158.64,291.29,157.47,48.53
2022-01-24,160.0,155.63,54.23,75.2,326.95,118.25,48.98,138.28,158.78,291.63,163.49,48.35
2022-01-25,158.18,169.52,53.48,70.7,325.2,124.93,48.09,139.79,159.65,283.87,163.27,48.3
2022-01-26,158.09,171.68,52.74,69.31,326.27,123.25,48.74,141.11,155.56,291.96,162.55,46.58
2022-01-27,157.63,168.33,52.06,69.76,324.7,121.65,45.31,138.62,156.35,295.04,160.42,46.73
2022-01-28,168.63,173.39,53.0,71.47,330.39,123.47,45.01,139.86,149.87,303.33,161.55,48.3
2022-01-31,173.03,176.09,53.06,73.32,337.7,122.61,46.04,141.76,152.55,306.01,160.93,48.6
2022-02-01,172.86,179.73,52.77,76.01,346.63,124.41,46.16,144.19,153.85,303.82,162.68,48.57
2022-02-02,174.08,180.34,53.54,76.08,345.68,125.99,46.69,143.04,153.14,308.45,167.26,49.12
2022-02-03,171.17,180.22,52.61,76.3,341.7,126.48,45.53,141.86,151.05,296.43,166.63,49.11
2022-02-04,170.88,181.99,52.56,76.83,350.0,125.9,45.62,145.54,147.69,301.05,166.46,48.67
2022-02-07,170.16,183.97,52.58,77.52,350.52,125.98,45.78,146.02,148.09,296.14,165.91,48.39
2022-02-08,173.3,189.98,52.75,77.06,352.38,125.78,46.38,148.77,149.23,299.69,167.05,48.22
2022-02-09,174.74,192.33,53.65,77.02,356.6,126.49,47.42,149.39,150.36,306.23,167.27,48.84
2022-02-10,170.62,191.45,52.3,76.66,352.83,124.04,46.42,148.77,146.78,297.54,166.98,48.42
2022-02-11,167.17,187.83,51.37,75.14,345.68,123.27,45.26,146.84,146.6,290.32,166.33,48.68
2022-02-14,167.41,188.36,50.69,74.96,342.99,120.91,45.21,145.47,145.19,290.28,165.37,48.63
2022-02-15,171.28,193.87,51.73,78.31,346.51,120.72,46.03,147.6,144.57,295.66,166.17,48.72
2022-02-16,171.04,194.26,51.71,78.69,342.81,120.01,45.83,147.87,143.0,295.32,166.82,48.75
2022-02-17,167.41,191.65,53.15,76.4,332.35,116.1,45.2,144.46,137.9,286.67,165.2,48.92
2022-02-18,165.84,190.84,54.53,71.93,329.47,115.52,42.8,145.14,136.95,283.91,165.23,49.14
2022-02-22,162.89,188.45,53.66,73.06,327.79,115.12,42.46,144.88,136.15,283.7,165.67,49.21
2022-02-23,158.67,185.03,51.89,71.9,324.85,113.41,42.42,141.85,133.95,276.36,164.76,48.76
2022-02-24,161.32,184.44,52.16,71.81,323.9,113.31,44.39,137.9,133.32,290.48,161.24,48.01
2022-02-25,163.41,189.69,53.41,74.78,333.36,115.37,45.33,141.16,139.64,293.16,167.96,49.41
2022-02-28,163.68,190.5,53.15,74.12,324.95,113.81,45.32,135.27,137.91,294.62,166.4,49.0
2022-03-01,161.77,174.37,52.06,71.65,314.33,112.74,44.49,130.17,134.29,290.83,162.51,48.94
2022-03-02,165.11,176.57,53.52,73.07,322.16,115.07,46.43,132.87,136.58,296.0,168.19,49.43
2022-03-03,164.78,176.16,53.44,71.74,319.33,116.99,45.54,131.92,137.59,291.79,168.11,49.9
2022-03-04,161.75,169.36,53.86,69.17,315.74,117.63,45.67,128.21,136.13,285.81,167.92,50.31
2022-03-07,157.91,155.83,52.98,66.31,308.28,117.12,45.3,123.26,132.93,275.02,164.42,49.92
2022-03-08,156.07,156.73,51.85,68.47,307.79,116.76,45.13,122.39,134.9,272.0,163.12,48.61
2022-03-09,161.53,165.15,53.3,70.87,319.49,117.26,45.26,127.3,136.01,284.47,166.82,48.46
2022-03-10,157.14,166.08,52.14,70.94,315.96,115.52,44.33,125.79,133.53,281.6,167.33,48.6
2022-03-11,153.38,164.42,52.13,71.67,313.18,115.16,43.55,122.96,130.78,276.16,169.12,48.42
2022-03-14,149.3,169.21,51.75,71.81,311.24,115.14,42.19,124.18,133.11,272.58,172.48,47.93
2022-03-15,153.74,172.39,52.99,71.73,315.25,116.72,42.58,126.38,133.88,283.14,175.41,48.17
2022-03-16,158.2,176.86,53.19,73.55,326.36,118.02,44.31,132.03,135.0,290.28,174.53,47.92
2022-03-17,159.22,183.09,53.54,74.2,328.76,118.88,44.79,133.7,137.02,291.1,176.23,47.8
2022-03-18,162.55,186.76,53.35,74.24,330.78,119.62,45.09,133.65,137.6,296.24,175.53,46.38
2022-03-21,163.94,185.17,53.37,73.65,324.67,119.01,45.03,133.22,137.85,294.98,177.7,46.65
2022-03-22,167.35,187.36,53.54,73.71,328.51,119.9,45.98,136.06,139.11,299.81,177.85,46.56
2022-03-23,168.72,182.16,51.93,72.78,321.42,119.19,45.86,133.35,137.01,295.31,176.8,46.53
2022-03-24,172.55,184.97,51.94,73.1,322.02,120.08,49.05,134.21,138.22,299.85,179.33,46.56
2022-03-25,173.19,186.33,52.39,73.02,323.22,122.03,49.25,135.39,139.59,299.44,182.77,46.82
2022-03-28,174.07,185.77,52.55,71.46,321.13,122.14,48.94,134.39,138.67,306.36,181.8,46.72
2022-03-29,177.4,186.98,53.06,73.51,325.3,122.57,49.65,134.68,141.09,311.01,178.93,46.79
2022-03-30,176.22,185.82,53.42,73.46,321.41,122.75,48.87,134.07,140.49,309.48,180.63,47.12
2022-03-31,173.09,183.12,53.15,71.07,316.15,120.79,47.09,130.05,138.12,304.01,177.88,46.51
2022-04-01,172.79,183.29,53.05,71.84,316.26,120.91,45.71,129.08,138.88,305.1,180.33,47.58
2022-04-04,176.88,183.77,53.25,71.47,314.34,121.02,46.75,129.65,138.73,310.57,177.0,47.89
2022-04-05,173.53,181.55,52.7,69.98,310.27,119.74,45.73,128.15,138.14,306.54,176.58,48.19
2022-04-06,170.33,179.9,52.18,69.83,302.89,120.21,45.17,126.37,139.44,295.32,177.74,48.57
2022-04-07,170.64,179.11,52.42,69.48,300.87,119.43,45.19,125.98,139.12,297.16,177.26,48.67
2022-04-08,168.6,180.4,52.09,69.7,307.81,118.66,44.68,128.29,138.99,292.82,179.95,49.47
2022-04-11,164.3,174.38,50.75,69.65,307.2,117.4,44.25,127.82,139.27,281.28,180.71,49.81
2022-04-12,166.2,172.39,49.73,69.9,306.26,117.04,44.18,126.42,137.85,278.12,180.03,49.59
2022-04-13,168.91,176.36,50.04,70.49,308.36,117.19,44.67,122.34,137.92,283.6,178.84,50.03
2022-04-14,163.85,177.91,49.1,70.55,308.04,117.58,43.39,121.21,136.73,275.92,179.35,49.74
2022-04-18,163.63,181.17,49.05,70.21,315.94,117.21,44.32,123.46,135.62,276.6,180.31,49.34
2022-04-19,165.94,183.81,49.74,71.38,321.75,119.98,45.54,126.01,139.26,281.32,171.49,49.67
2022-04-20,165.77,185.07,50.88,70.99,326.64,128.5,45.71,126.45,139.71,282.36,172.99,50.28
2022-04-21,164.97,182.4,50.65,71.24,320.17,129.92,45.13,125.47,140.8,276.89,171.58,50.83
2022-04-22,160.38,177.3,49.29,69.18,306.25,128.44,44.22,121.87,138.39,270.2,168.52,47.97
2022-04-25,161.46,180.79,49.84,69.81,307.83,129.23,44.71,121.83,137.86,276.8,169.81,46.46
2022-04-26,155.43,175.44,48.85,62.59,299.88,126.52,43.25,118.23,133.8,266.45,168.08,45.66
2022-04-27,155.2,174.44,47.32,60.75,299.99,125.47,42.97,116.69,133.79,279.27,168.94,44.78
2022-04-28,162.21,178.71,48.59,60.37,304.95,126.11,44.51,118.54,136.51,285.59,169.87,44.72
2022-04-29,156.27,171.57,47.0,57.9,292.58,122.83,41.42,114.71,133.8,273.65,166.52,42.78
2022-05-02,156.58,168.54,47.85,58.68,297.3,123.6,42.72,115.76,135.37,280.5,165.58,42.72
2022-05-03,158.09,169.02,47.9,60.32,301.36,123.11,42.81,118.24,137.38,277.85,167.2,43.59
2022-05-04,164.57,174.63,49.5,62.47,310.41,127.65,44.22,122.15,143.09,285.93,170.79,44.7
2022-05-05,155.4,167.94,47.61,61.04,299.84,126.27,42.71,119.09,138.66,273.48,167.45,44.21
2022-05-06,156.14,164.15,47.34,60.76,299.73,127.9,42.42,118.9,138.73,270.89,167.09,44.6
2022-05-09,150.95,158.13,46.98,56.68,295.83,126.41,41.25,117.11,141.37,260.89,167.36,44.93
2022-05-10,153.39,158.92,47.55,56.94,292.17,121.42,42.15,114.26,138.35,265.74,168.4,44.48
2022-05-11,145.43,156.53,46.69,56.26,288.8,122.94,41.02,113.54,135.83,256.91,167.81,44.24
2022-05-12,141.52,150.52,46.34,56.92,286.75,124.96,41.03,113.44,138.78,251.78,168.77,44.41
2022-05-13,146.04,155.9,47.56,58.29,294.01,125.62,41.75,114.45,138.51,257.47,168.2,44.52
2022-05-16,144.48,153.62,47.02,57.96,290.61,126.97,41.26,113.65,139.63,257.85,169.87,45.32
2022-05-17,148.15,158.94,48.56,59.34,299.74,130.11,42.52,117.42,141.33,263.09,172.68,45.22
2022-05-18,139.8,153.3,46.41,58.41,293.77,125.0,40.56,115.41,138.17,251.12,169.69,45.18
2022-05-19,136.35,151.23,40.04,58.83,295.17,121.92,40.23,113.7,137.72,250.19,164.81,45.37
2022-05-20,136.59,150.49,41.21,58.45,293.83,120.81,39.89,112.77,134.79,249.61,163.78,45.77
2022-05-23,142.07,156.18,41.6,58.61,303.23,123.34,40.22,119.75,135.3,257.61,167.53,45.9
2022-05-24,139.34,152.83,42.0,57.88,300.68,125.81,39.91,121.44,136.59,256.59,169.3,46.83
2022-05-25,139.5,157.63,42.22,57.89,301.59,126.37,40.41,122.28,136.62,259.46,168.98,47.35
2022-05-26,142.73,162.4,43.17,59.81,309.95,128.72,41.64,124.4,137.8,262.8,170.23,47.12
2022-05-27,148.55,166.55,43.78,61.17,314.69,130.95,42.66,126.16,140.11,270.05,173.11,47.5
2022-05-31,147.76,165.79,43.23,60.81,314.95,130.55,42.54,127.08,139.9,268.7,174.29,47.4
2022-06-01,147.63,162.78,43.4,60.21,310.13,131.1,42.24,124.85,137.21,269.24,171.61,47.5
2022-06-02,150.11,166.1,43.94,60.58,312.45,131.78,42.94,126.86,138.86,271.38,173.34,47.4
2022-06-03,144.32,163.83,43.42,59.78,307.08,132.75,41.55,125.09,136.79,266.87,169.57,46.95
2022-06-06,145.08,164.02,43.5,59.81,308.84,134.35,41.51,124.68,137.02,265.61,172.28,47.35
2022-06-07,147.63,165.66,43.73,60.58,309.81,134.25,41.69,125.0,137.64,269.32,173.9,47.73
2022-06-08,146.88,162.98,43.11,59.93,303.22,132.42,39.48,123.01,136.28,267.26,171.3,47.64
2022-06-09,141.6,158.09,42.47,58.08,293.15,129.72,38.32,120.43,135.12,261.7,167.87,47.07
2022-06-10,136.13,151.65,41.73,55.32,276.57,128.06,37.52,114.89,129.0,250.04,165.68,46.96
2022-06-13,130.92,143.66,41.49,52.6,273.01,127.04,36.17,111.47,127.8,239.43,164.13,45.82
2022-06-14,131.79,142.0,41.18,52.85,272.25,127.62,36.32,109.62,126.75,241.64,162.76,45.43
2022-06-15,134.44,143.59,42.03,53.67,279.51,128.88,37.01,110.91,125.88,248.82,162.0,45.42
2022-06-16,129.11,135.03,41.57,50.71,274.61,127.57,35.76,109.01,122.71,242.11,157.93,45.13
2022-06-17,130.6,141.59,41.64,51.26,269.6,126.96,35.41,108.63,121.68,244.76,158.42,45.31
2022-06-21,134.88,142.16,42.36,51.07,274.44,129.62,36.13,111.32,121.84,250.78,159.16,46.8
2022-06-22,134.37,141.8,41.81,50.13,274.18,128.89,35.8,110.69,122.2,250.18,159.66,46.93
2022-06-23,137.26,139.11,41.2,49.76,275.75,130.17,35.83,109.48,121.97,255.84,156.36,48.13
2022-06-24,140.63,143.52,42.32,52.1,291.73,133.58,36.98,112.75,125.88,264.58,163.16,47.09
2022-06-27,140.63,141.7,42.0,51.88,289.83,134.27,36.99,111.85,124.45,261.8,163.91,47.09
2022-06-28,136.44,139.64,41.32,51.23,288.59,133.39,36.18,111.31,122.14,253.49,163.89,46.63
2022-06-29,138.22,136.96,41.15,49.53,292.24,132.31,35.71,110.81,121.61,257.22,162.26,47.07
2022-06-30,135.73,136.64,40.92,49.51,286.21,132.76,35.83,108.22,121.27,253.83,165.52,46.9
2022-07-01,137.92,138.39,40.88,49.41,288.34,132.69,34.8,109.61,120.41,256.55,167.52,47.72
2022-07-05,140.53,137.65,40.63,48.24,286.38,129.4,35.14,109.19,121.09,259.78,163.63,47.52
2022-07-06,141.88,136.18,41.34,47.88,283.07,129.84,35.42,108.48,121.68,263.1,166.27,47.6
2022-07-07,145.29,139.01,41.85,48.99,287.73,132.42,36.53,111.23,121.87,265.27,166.01,47.45
2022-07-08,145.97,139.73,42.01,49.18,285.68,132.08,36.38,110.88,120.63,264.54,165.39,47.24
2022-07-11,143.82,138.57,41.88,48.14,282.51,132.58,35.63,109.42,120.9,261.42,164.92,47.25
2022-07-12,144.8,137.19,41.5,49.01,281.88,130.87,35.63,109.53,122.01,250.71,161.75,47.51
2022-07-13,144.43,137.41,41.35,48.22,279.59,128.99,35.63,108.5,120.3,249.77,159.83,47.26
2022-07-14,147.39,134.53,40.99,47.51,271.34,130.76,36.11,104.71,120.24,251.12,152.35,47.24
2022-07-15,149.08,140.44,41.7,48.88,283.17,131.57,36.99,109.51,121.95,253.73,152.84,47.74
2022-07-18,146.0,140.3,41.25,49.52,290.29,129.88,37.07,108.39,120.81,251.28,151.68,47.05
2022-07-19,149.9,145.67,42.63,51.9,306.47,123.07,38.52,111.07,123.82,256.5,154.97,47.21
2022-07-20,151.93,146.8,42.73,52.79,309.75,121.47,38.84,111.05,124.65,259.21,154.82,45.91
2022-07-21,154.22,148.03,43.17,52.98,314.65,119.56,38.89,111.81,125.53,261.75,153.48,44.6
2022-07-22,152.97,150.82,43.05,53.03,312.14,120.59,37.54,111.27,125.69,257.32,153.08,41.59
2022-07-25,151.84,151.59,42.93,53.16,312.32,120.86,37.5,111.71,125.69,255.81,156.56,41.88
2022-07-26,150.5,147.69,42.44,55.61,306.95,120.43,37.31,109.97,131.9,248.96,157.42,42.03
2022-07-27,155.65,149.46,43.22,55.66,312.73,121.41,38.48,111.73,130.13,265.6,155.56,42.02
2022-07-28,156.21,149.97,44.17,56.88,317.13,121.5,38.03,111.31,131.54,273.19,152.41,42.62
2022-07-29,161.33,151.82,43.93,57.47,321.25,122.98,34.77,111.85,134.23,277.46,155.31,43.22
2022-08-01,160.33,151.14,43.84,58.94,319.99,124.16,35.4,110.73,134.35,274.77,152.93,43.29
2022-08-02,158.85,149.43,43.49,57.82,315.94,123.94,34.49,109.01,132.84,271.61,153.36,42.42
2022-08-03,164.92,153.21,44.26,58.12,321.04,124.44,34.97,110.15,134.47,279.17,154.74,42.41
2022-08-04,164.6,154.63,43.94,57.29,319.79,123.78,34.5,108.94,138.81,280.34,154.33,41.57
2022-08-05,164.37,155.26,43.58,57.82,322.49,124.57,34.23,112.23,138.14,279.61,155.56,42.06
2022-08-08,163.9,155.03,43.59,58.46,322.5,124.69,34.22,110.87,139.14,277.05,156.56,41.68
2022-08-09,163.95,156.53,43.49,58.27,324.37,123.27,33.39,111.87,138.54,279.01,159.44,41.81
2022-08-10,168.24,160.12,44.56,59.99,335.25,125.21,34.21,114.78,139.99,285.79,161.48,41.96
2022-08-11,167.5,160.66,44.44,61.35,338.88,126.2,34.43,116.48,140.25,283.67,165.2,41.9
2022-08-12,171.09,163.47,45.13,62.16,340.94,127.6,34.93,118.41,142.67,288.5,167.89,42.25
2022-08-15,172.17,163.04,45.11,62.06,342.9,128.47,35.15,118.73,141.91,290.05,168.48,42.63
2022-08-16,172.01,162.99,45.29,63.04,342.05,130.02,35.01,119.86,140.81,289.3,169.81,42.85
2022-08-17,173.52,161.56,45.18,62.15,340.86,131.19,34.61,118.86,138.16,288.53,170.24,42.42
2022-08-18,173.12,162.3,47.8,61.6,341.61,132.41,35.02,117.94,137.46,287.39,170.39,41.35
2022-08-19,170.51,159.92,47.15,60.44,336.56,131.75,34.22,115.02,137.47,283.41,168.95,41.56
2022-08-22,166.58,155.45,46.2,58.15,329.95,129.06,32.73,113.12,134.05,275.09,165.53,41.33
2022-08-23,166.24,155.08,45.91,59.18,327.8,128.29,32.84,112.0,134.2,273.79,164.69,40.67
2022-08-24,166.54,156.86,45.58,59.67,329.49,126.85,32.75,112.27,133.53,273.15,164.89,40.75
2022-08-25,169.03,159.91,45.77,60.76,333.88,127.57,33.75,114.94,135.16,276.18,165.37,40.93
2022-08-26,162.66,155.06,44.43,58.53,324.15,124.14,32.27,111.18,122.26,265.52,163.28,40.47
2022-08-29,160.43,152.33,44.26,59.14,321.76,124.07,31.86,110.91,119.71,262.69,161.83,40.54
2022-08-30,157.97,152.45,43.8,58.42,321.48,123.38,31.21,110.93,118.21,260.45,159.97,39.79
2022-08-31,156.29,149.83,43.3,57.11,322.98,122.3,30.88,110.27,117.73,258.97,158.19,39.12
2022-09-01,157.03,148.95,43.85,56.83,323.79,123.45,30.72,111.02,118.94,257.91,159.81,39.12
2022-09-02,154.89,147.65,43.18,56.32,321.82,121.67,30.2,110.25,115.17,253.61,159.22,38.64
2022-09-06,153.62,146.48,43.06,56.11,316.98,120.65,29.37,110.28,110.39,250.83,158.42,38.46
2022-09-07,155.04,150.07,43.59,57.22,320.93,121.6,29.65,112.37,114.13,255.62,160.52,38.44
2022-09-08,153.55,151.33,43.93,57.37,325.61,122.32,29.75,114.99,112.92,256.05,161.91,38.66
2022-09-09,156.44,156.18,44.32,57.58,330.19,123.01,30.43,115.54,116.54,261.93,161.56,39.52
2022-09-12,162.47,160.13,44.93,58.57,332.6,124.41,30.53,116.91,117.63,264.1,162.72,40.01
2022-09-13,152.93,153.13,42.71,55.09,318.82,121.16,28.33,112.85,114.05,249.58,159.66,39.07
2022-09-14,154.39,154.07,42.57,54.46,317.73,121.58,28.23,112.58,111.27,249.81,160.66,38.63
2022-09-15,151.47,153.9,41.92,53.59,321.96,119.48,27.9,114.28,110.22,243.03,161.57,38.39
2022-09-16,149.81,150.89,41.93,51.63,316.71,121.18,28.29,113.51,110.4,242.4,159.77,38.6
2022-09-19,153.57,153.14,41.93,52.14,319.09,121.62,28.48,114.56,110.43,242.18,161.7,38.59
2022-09-20,155.97,151.29,41.23,51.78,313.84,120.25,28.01,112.3,110.31,240.13,158.41,37.98
2022-09-21,152.81,146.59,40.27,50.72,311.37,118.95,27.54,109.06,108.7,236.66,154.58,36.94
2022-09-22,151.84,140.99,39.84,50.83,303.81,119.31,27.15,107.82,108.06,238.67,154.52,37.36
2022-09-23,149.54,138.26,39.37,50.2,293.17,116.84,26.62,105.82,106.97,235.64,153.03,36.98
2022-09-26,149.88,135.49,39.29,50.1,286.04,116.17,26.09,103.54,106.98,235.18,148.22,36.43
2022-09-27,150.86,135.53,39.23,50.2,282.89,115.91,26.01,102.63,106.42,234.15,148.85,36.39
2022-09-28,148.96,138.55,40.03,50.19,292.03,116.88,26.24,104.7,108.19,238.76,150.51,36.86
2022-09-29,141.64,135.82,39.28,48.84,287.48,115.81,25.52,102.93,106.32,235.23,152.24,36.16
2022-09-30,137.38,132.98,38.73,48.2,284.51,113.12,24.93,101.32,104.62,230.67,150.78,35.53
2022-10-03,141.61,138.02,39.98,49.52,290.44,115.69,26.09,104.45,107.19,238.44,154.59,36.64
2022-10-04,145.24,143.38,40.87,52.59,305.7,119.49,26.8,109.34,109.46,246.5,158.92,37.25
2022-10-05,145.54,142.31,41.04,52.51,300.0,119.72,26.74,107.99,109.04,246.82,158.01,36.87
2022-10-06,144.57,140.35,40.58,51.56,295.8,116.38,26.29,105.78,105.2,244.43,156.68,36.0
2022-10-07,139.26,137.01,39.35,50.27,292.31,113.13,24.88,103.67,101.79,232.0,154.4,35.06
2022-10-10,139.59,135.55,38.98,50.59,291.79,112.11,24.38,102.7,102.68,227.06,154.99,34.84
2022-10-11,138.16,135.39,38.68,49.83,285.64,112.16,24.22,99.74,103.04,223.25,156.94,34.2
2022-10-12,137.52,134.79,38.38,50.41,286.71,111.94,24.5,101.35,103.15,223.59,156.65,33.95
2022-10-13,142.15,140.06,39.69,52.9,298.13,115.96,25.56,106.99,108.18,232.0,162.9,34.63
2022-10-14,137.56,135.37,39.29,52.61,291.25,114.29,25.06,108.77,107.58,226.37,160.72,34.61
2022-10-17,141.57,140.05,40.36,53.43,297.78,115.7,25.56,113.34,107.8,235.26,162.2,35.38
2022-10-18,142.9,144.45,40.84,55.05,304.71,117.06,25.03,116.25,109.78,236.22,164.14,35.27
2022-10-19,143.01,142.45,40.93,54.91,302.68,116.65,25.15,113.97,108.12,234.22,171.42,34.79
2022-10-20,142.54,140.92,40.76,54.48,301.76,122.16,25.23,113.6,107.09,233.89,168.17,35.2
2022-10-21,146.4,138.57,41.83,56.7,315.63,123.68,26.09,119.57,110.59,239.8,173.45,33.63
2022-10-24,148.57,140.14,42.55,57.12,319.13,126.34,26.29,119.71,112.08,244.88,176.95,34.22
2022-10-25,151.44,145.47,43.35,56.84,322.72,126.57,26.51,120.03,112.19,248.26,173.31,34.66
2022-10-26,148.47,145.33,43.37,58.75,325.91,128.55,26.32,121.41,116.17,229.11,173.62,34.66
2022-10-27,143.95,145.42,43.41,59.17,327.36,128.32,25.41,121.89,116.26,224.58,174.8,34.42
2022-10-28,154.82,148.86,44.6,60.99,331.86,131.88,28.12,123.33,119.86,233.61,179.09,35.84
2022-10-31,152.44,146.89,44.4,60.58,334.48,131.67,27.5,123.14,119.09,229.91,181.55,35.56
2022-11-01,149.76,145.53,44.43,60.89,338.43,131.59,27.38,125.36,118.63,225.99,179.9,35.56
2022-11-02,144.17,141.99,43.56,60.26,339.6,130.28,26.52,124.2,116.32,217.99,179.43,35.88
2022-11-03,138.06,137.84,42.85,61.03,338.71,128.03,26.5,124.43,116.31,212.2,178.95,35.35
2022-11-04,137.79,143.2,43.51,63.12,347.48,130.4,27.65,127.83,118.19,219.27,180.17,35.43
2022-11-07,138.33,145.43,43.54,64.98,352.0,131.72,27.85,128.51,118.04,225.69,181.22,35.38
2022-11-08,138.91,148.62,43.6,65.4,353.42,133.34,27.92,128.59,118.67,226.68,181.98,36.03
2022-11-09,134.3,144.32,42.91,64.74,351.46,132.37,26.98,126.91,117.24,222.36,179.28,35.79
2022-11-10,146.25,153.12,44.62,66.48,367.29,136.07,29.18,132.14,122.27,240.66,180.41,36.65
2022-11-11,149.06,153.26,43.77,67.2,373.95,137.94,29.83,132.35,125.9,244.75,178.86,36.44
2022-11-14,147.65,152.51,43.72,66.83,371.22,138.94,29.76,130.99,124.05,239.24,179.82,36.45
2022-11-15,149.4,152.27,43.88,67.85,371.73,139.07,30.11,130.04,124.23,239.65,176.67,35.87
2022-11-16,148.16,150.96,43.38,66.1,371.19,139.24,28.95,130.22,121.88,240.09,178.28,36.04
2022-11-17,150.08,149.05,45.53,66.48,368.72,140.76,29.3,129.65,121.79,240.04,180.04,36.31
2022-11-18,150.65,150.89,46.7,66.55,368.15,142.25,29.28,130.92,121.41,239.59,181.65,36.68
2022-11-21,147.38,151.2,46.54,66.87,369.14,141.32,28.37,130.15,122.25,240.41,182.62,36.75
2022-11-22,149.54,152.95,47.28,67.97,372.69,143.66,29.24,132.1,123.18,243.37,184.18,37.3
2022-11-23,150.43,152.31,47.47,68.41,375.0,143.32,29.09,133.51,122.6,245.9,185.04,37.03
2022-11-25,147.48,152.53,47.3,68.62,377.53,142.95,28.77,133.76,123.6,245.81,185.93,37.13
2022-11-28,143.61,149.28,46.99,66.55,371.22,140.84,28.17,131.42,119.38,240.12,183.38,36.38
2022-11-29,140.57,152.79,47.18,66.69,372.53,141.14,28.33,133.59,120.81,238.7,184.26,36.48
2022-11-30,147.4,155.93,48.59,66.94,377.36,143.46,29.48,135.17,120.66,253.41,186.81,37.09
2022-12-01,147.68,155.84,48.83,66.38,375.07,143.71,29.25,133.27,120.68,252.96,186.15,36.47
2022-12-02,147.18,155.1,48.57,67.64,371.92,143.24,28.83,132.22,121.63,253.29,186.55,36.33
2022-12-05,146.01,154.44,48.21,65.92,363.08,142.03,28.6,128.51,119.37,248.5,184.26,35.27
2022-12-06,142.3,153.07,47.49,66.4,354.65,142.11,28.04,128.72,119.33,243.46,185.53,35.1
2022-12-07,140.34,153.14,47.08,66.18,351.73,141.89,27.77,128.64,121.02,242.71,185.08,35.37
2022-12-08,142.04,152.5,47.88,65.11,349.93,142.38,27.88,129.99,120.69,245.72,185.68,35.3
2022-12-09,141.56,152.28,47.36,63.42,350.97,141.68,27.69,129.28,120.46,243.76,183.63,35.58
2022-12-12,143.88,155.65,48.18,64.79,354.91,143.76,28.13,131.29,121.5,250.8,185.07,36.11
2022-12-13,144.85,155.86,48.51,64.53,360.3,145.07,28.17,131.16,121.92,255.18,185.01,36.02
2022-12-14,142.6,152.49,48.18,63.49,352.18,144.39,27.71,130.5,120.77,255.48,184.61,35.63
2022-12-15,135.92,148.64,47.06,61.42,341.87,137.16,26.62,127.27,117.22,247.32,181.57,35.94
2022-12-16,133.94,144.76,46.72,60.52,338.47,135.04,26.39,126.47,116.56,243.03,180.81,35.32
2022-12-19,131.81,143.48,46.32,60.84,336.77,133.8,26.27,127.23,116.98,238.82,181.51,35.23
2022-12-20,131.74,144.17,46.29,62.6,336.65,136.12,25.92,127.84,115.72,240.16,183.77,35.19
2022-12-21,134.87,145.55,46.58,64.67,342.19,136.95,26.3,129.28,118.25,242.77,187.36,35.95
2022-12-22,131.67,143.78,46.24,63.73,337.71,135.74,25.46,127.81,116.46,236.58,185.16,36.45
2022-12-23,131.3,145.47,46.4,63.74,337.65,136.48,25.58,128.42,115.07,237.11,187.42,36.55
2022-12-27,129.48,144.85,46.45,64.56,334.19,137.22,25.43,128.87,115.15,235.35,188.41,37.34
2022-12-28,125.5,142.49,46.0,63.88,333.11,134.91,25.04,129.57,113.3,232.94,186.08,36.93
2022-12-29,129.06,145.77,46.42,65.27,335.61,135.91,25.7,130.32,115.49,239.38,187.38,37.35
2022-12-30,129.38,146.19,46.56,65.3,335.56,135.75,25.91,131.18,114.86,238.19,185.45,37.49
2023-01-03,124.54,145.57,46.85,66.23,338.34,136.38,26.21,132.18,117.31,237.96,185.08,38.17
2023-01-04,125.82,148.96,46.84,70.08,339.79,137.39,27.14,133.41,119.87,227.55,185.19,39.13
2023-01-05,124.49,145.39,46.18,71.17,335.94,135.96,27.02,133.38,117.77,220.8,185.51,39.68
2023-01-06,129.07,149.1,47.6,71.82,340.16,138.45,28.17,135.93,121.38,223.41,191.76,40.14
2023-01-09,129.6,149.33,47.85,72.55,344.97,138.31,28.74,135.37,121.44,225.58,187.06,39.98
2023-01-10,130.17,150.92,48.08,75.14,349.23,139.51,28.86,136.58,122.73,227.3,189.14,40.54
2023-01-11,132.92,152.83,48.48,77.56,356.18,139.96,29.27,137.6,123.68,234.17,189.54,39.8
2023-01-12,132.84,153.82,48.27,78.73,361.52,140.24,29.7,137.46,123.9,236.89,189.9,40.41
2023-01-13,134.19,154.65,48.15,80.07,365.49,140.56,29.52,140.93,124.05,237.61,191.81,40.45
2023-01-17,135.36,152.66,47.36,80.36,341.96,139.89,29.02,138.75,121.26,238.72,182.99,39.48
2023-01-18,134.64,149.35,46.2,79.14,341.14,135.28,28.25,134.58,117.57,234.21,181.63,38.63
2023-01-19,134.7,145.81,45.77,76.73,342.77,135.49,27.86,132.79,113.44,230.36,182.04,38.71
2023-01-20,137.28,150.52,46.08,77.55,334.06,136.04,28.65,133.11,115.56,238.59,183.31,38.66
2023-01-23,140.51,152.91,46.79,79.64,341.19,136.68,29.68,135.27,117.45,240.94,184.33,38.3
2023-01-24,141.92,154.23,47.1,80.57,340.4,136.32,29.33,136.43,110.15,240.4,191.15,39.06
2023-01-25,141.26,155.66,47.26,80.66,341.67,135.62,29.12,137.1,108.17,238.98,188.66,38.98
2023-01-26,143.35,154.77,47.62,81.0,346.89,129.54,29.5,137.94,108.76,246.32,190.02,38.92
2023-01-27,145.31,171.09,47.79,83.09,345.65,129.48,27.61,138.28,110.39,246.48,186.7,39.28
2023-01-30,142.39,171.43,47.5,80.7,349.32,130.36,27.4,137.11,107.83,241.07,185.86,39.67
2023-01-31,143.68,173.69,47.94,80.35,357.48,129.81,27.71,137.92,110.23,246.13,189.04,40.17
2023-02-01,144.81,172.38,47.85,82.18,357.39,130.16,28.5,137.56,110.97,251.04,183.21,40.29
2023-02-02,150.18,171.9,48.58,83.8,361.06,131.41,29.6,136.92,115.22,262.81,179.77,40.43
2023-02-03,153.84,177.59,47.9,81.82,361.53,131.94,29.73,139.04,112.54,256.6,180.77,40.12
2023-02-06,151.09,175.23,46.86,82.21,362.36,131.21,28.47,139.85,111.59,255.03,183.96,39.89
2023-02-07,153.99,177.43,47.13,81.97,365.88,130.88,28.83,141.56,111.97,265.75,186.95,39.19
2023-02-08,151.27,177.73,46.26,81.82,366.56,131.02,28.02,140.56,110.39,264.92,185.35,39.16
2023-02-09,150.23,178.1,46.03,80.66,359.61,130.45,27.52,138.38,108.17,261.83,183.34,38.47
2023-02-10,150.6,177.98,46.55,81.15,362.83,132.25,27.59,138.99,109.08,261.32,184.72,38.67
2023-02-13,153.43,180.04,47.15,82.54,365.51,133.96,28.33,140.49,110.42,269.48,185.56,38.97
2023-02-14,152.78,179.74,46.99,83.4,363.32,132.65,28.42,141.12,109.39,270.33,182.12,38.98
2023-02-15,154.91,179.39,47.73,84.63,365.82,133.03,28.63,141.71,109.95,268.16,183.2,39.02
2023-02-16,153.29,176.68,50.23,83.91,361.77,131.67,27.98,139.76,108.7,261.03,181.07,38.5
2023-02-17,152.13,176.04,50.01,82.9,360.11,131.69,27.4,140.17,109.66,256.95,183.73,38.87
2023-02-21,148.07,172.25,48.95,82.12,352.9,128.46,25.86,137.6,106.03,251.59,183.23,37.88
2023-02-22,148.5,173.46,48.57,83.05,352.68,127.74,25.28,136.54,105.73,250.43,184.09,37.96
2023-02-23,148.99,173.9,48.48,82.8,355.27,127.56,25.41,137.64,105.7,253.68,183.45,37.24
2023-02-24,146.31,173.01,47.76,83.41,355.57,127.35,24.95,138.88,104.62,248.15,183.31,37.44
2023-02-27,147.52,172.07,48.0,83.7,357.21,127.27,24.71,140.09,105.08,249.09,183.31,37.57
2023-02-28,147.01,172.76,47.7,84.57,343.65,126.11,24.74,141.26,104.56,248.35,183.1,37.51
2023-03-01,144.91,174.66,47.62,84.0,340.77,125.03,25.14,140.48,106.96,245.21,182.05,37.01
2023-03-02,145.51,174.1,47.81,85.58,343.6,125.75,26.0,139.02,106.66,250.03,181.19,37.12
2023-03-03,150.62,177.82,48.54,86.24,351.46,126.44,26.2,141.57,107.98,254.19,181.59,36.98
2023-03-06,153.41,177.79,48.68,87.0,351.42,126.98,25.79,140.74,106.69,255.77,181.35,36.87
2023-03-07,151.19,174.08,48.18,86.33,340.62,125.09,25.33,136.6,103.93,253.06,178.41,36.64
2023-03-08,152.45,173.59,48.38,86.92,343.78,124.89,25.78,135.79,104.0,252.61,175.83,36.27
2023-03-09,150.18,170.9,48.08,91.49,336.7,123.05,26.24,128.44,102.41,251.24,172.93,35.32
2023-03-10,148.09,164.52,47.84,90.93,322.5,122.35,27.01,131.7,100.99,247.52,174.68,35.45
2023-03-13,150.06,156.51,47.69,88.9,310.54,122.48,26.74,129.34,100.45,252.83,171.24,35.31
2023-03-14,152.17,162.75,48.32,91.1,317.07,121.57,27.8,132.66,99.75,259.67,170.78,35.64
2023-03-15,152.57,158.68,48.33,89.69,307.27,120.24,28.19,126.39,99.75,264.3,165.54,35.82
2023-03-16,155.42,159.59,49.37,91.9,310.12,121.62,29.95,128.85,101.14,275.02,171.23,35.35
2023-03-17,154.58,155.41,49.44,90.22,298.76,120.64,29.58,123.98,99.98,278.23,164.09,35.55
2023-03-20,156.97,157.61,50.18,89.85,304.65,122.83,28.94,125.29,101.23,271.06,167.75,36.17
2023-03-21,158.85,163.39,49.91,92.11,312.28,123.45,28.24,128.65,101.21,272.61,170.77,36.47
2023-03-22,157.4,161.6,48.72,89.52,308.73,120.99,27.91,125.33,98.55,271.12,165.68,36.06
2023-03-23,158.5,161.61,48.99,91.52,309.89,120.33,28.81,124.99,98.02,276.47,162.93,36.12
2023-03-24,159.81,158.65,49.76,91.3,307.64,122.2,29.14,123.09,98.16,279.37,163.97,36.4
2023-03-27,157.85,161.96,49.79,93.24,313.51,126.12,28.96,126.62,98.5,275.19,165.4,36.77
2023-03-28,157.22,158.08,49.64,93.07,313.42,126.15,29.07,127.0,98.74,274.05,164.94,36.72
2023-03-29,160.33,162.43,50.41,93.99,315.66,126.51,31.28,127.26,100.15,279.31,168.89,37.19
2023-03-30,161.92,161.26,50.66,93.98,316.08,126.03,31.84,126.88,99.75,282.83,169.85,37.36
2023-03-31,164.45,163.78,51.5,95.53,321.95,127.86,32.42,128.41,102.01,287.06,170.43,37.58
2023-04-03,165.72,162.62,51.53,96.85,321.37,128.8,32.64,128.27,101.49,286.0,171.31,37.9
2023-04-04,165.18,161.41,51.43,94.98,317.56,128.35,32.85,126.55,99.23,285.95,167.67,38.32
2023-04-05,163.31,160.53,51.43,94.18,316.46,128.88,32.58,126.74,99.27,283.12,169.34,38.76
2023-04-06,164.21,158.29,50.88,93.53,317.32,127.28,32.56,126.6,98.57,290.35,170.3,38.79
2023-04-10,161.59,160.59,50.94,94.29,319.84,127.8,32.27,127.02,99.73,288.15,171.67,38.66
2023-04-11,160.36,161.28,50.24,93.84,322.21,127.2,32.1,127.64,101.48,281.62,172.56,38.76
2023-04-12,159.66,158.75,49.73,94.03,325.03,125.37,31.78,127.62,101.29,282.27,172.85,38.51
2023-04-13,165.11,161.75,50.42,94.23,326.89,124.74,31.88,128.11,103.02,288.6,172.21,38.63
2023-04-14,164.76,162.66,50.16,95.37,331.61,124.98,31.65,137.78,102.65,284.91,167.41,38.53
2023-04-17,164.78,163.15,49.9,96.7,334.33,124.67,31.89,138.88,103.63,287.56,170.31,38.77
2023-04-18,166.02,163.84,49.93,98.4,328.65,124.63,31.59,140.44,103.14,287.13,171.02,38.26
2023-04-19,167.17,164.39,47.68,98.96,331.58,123.2,30.91,140.26,102.95,287.21,181.53,37.92
2023-04-20,166.2,162.72,46.23,99.69,333.37,123.24,30.62,139.85,101.64,284.88,178.24,36.54
2023-04-21,164.57,163.22,46.68,99.44,336.27,122.63,30.07,139.58,101.4,284.53,178.48,36.66
2023-04-24,164.88,160.04,47.03,100.08,338.54,122.31,29.43,139.77,101.96,280.56,178.11,36.45
2023-04-25,163.32,155.59,46.74,98.37,334.13,122.78,28.66,136.73,101.29,274.24,176.31,36.64
2023-04-26,163.31,155.19,46.19,96.14,331.25,122.74,28.83,134.31,99.89,294.1,175.61,36.27
2023-04-27,167.95,157.91,46.21,97.99,336.22,123.84,29.63,136.12,102.22,303.52,179.22,38.11
2023-04-28,169.22,160.79,46.89,98.9,338.03,123.29,30.82,137.3,103.09,305.94,180.11,38.15
2023-05-01,169.13,158.78,46.98,101.11,335.2,122.98,30.07,140.24,102.73,304.25,180.73,38.03
2023-05-02,168.08,152.73,46.01,101.43,328.11,122.07,29.54,137.97,99.94,304.1,179.5,37.01
2023-05-03,166.99,151.69,45.61,101.69,323.47,120.4,30.42,135.05,99.8,303.09,178.13,37.31
2023-05-04,165.34,148.3,45.36,99.25,316.2,119.55,31.13,133.21,98.84,304.1,178.12,36.69
2023-05-05,173.1,152.13,45.9,100.17,321.86,120.6,30.88,135.81,100.3,309.32,181.26,37.16
2023-05-08,173.03,152.52,45.99,100.85,321.36,120.35,30.66,136.14,99.32,307.33,181.53,37.16
2023-05-09,171.3,152.86,46.12,100.93,319.65,119.79,29.99,135.48,97.83,305.68,182.7,36.91
2023-05-10,173.09,148.17,46.36,99.47,317.47,120.63,29.86,135.55,97.92,310.97,182.12,36.97
2023-05-11,173.28,147.48,46.02,99.44,315.66,119.52,28.76,135.12,97.81,308.78,181.77,36.94
2023-05-12,172.34,147.42,46.36,98.73,314.46,121.44,28.85,133.19,97.31,307.64,181.05,36.93
2023-05-15,171.84,149.49,46.75,101.92,316.99,121.96,29.69,134.31,97.53,308.13,181.77,36.12
2023-05-16,171.84,147.9,46.57,101.06,315.75,122.06,29.12,133.4,95.12,310.4,180.48,35.42
2023-05-17,172.46,151.57,47.27,103.39,324.98,124.28,28.77,137.51,97.23,313.34,180.65,35.54
2023-05-18,174.81,152.96,47.84,103.93,324.38,124.71,29.57,138.55,98.17,317.85,182.3,35.49
2023-05-19,174.92,152.43,48.76,104.18,321.01,125.81,29.82,138.23,97.57,317.67,182.67,35.42
2023-05-22,173.97,154.98,48.45,104.47,319.8,126.05,30.17,137.09,100.21,320.5,180.07,35.33
2023-05-23,171.33,152.04,48.54,101.62,318.47,126.72,29.4,135.66,99.22,314.59,178.29,35.6
2023-05-24,171.61,150.2,48.05,100.91,314.77,124.25,28.9,134.42,95.56,313.19,174.99,35.24
2023-05-25,172.76,150.56,48.66,101.44,318.77,125.32,27.3,134.74,95.62,325.23,172.68,34.21
2023-05-26,175.19,156.7,49.48,102.66,326.78,127.42,28.9,136.01,95.51,332.19,171.31,34.38
2023-05-30,177.06,157.47,49.79,102.32,325.61,128.01,29.88,136.52,94.64,330.51,172.3,34.29
2023-05-31,177.01,158.02,49.3,101.45,321.22,127.13,31.33,134.78,91.94,327.7,168.28,35.0
2023-06-01,179.85,162.16,49.37,104.59,313.78,128.34,31.02,136.64,92.89,331.88,170.33,35.09
2023-06-02,180.71,167.98,49.64,105.72,320.97,130.91,31.2,139.51,101.02,334.69,174.13,33.97
2023-06-05,179.34,166.86,49.83,104.02,319.15,131.13,29.75,138.14,96.54,335.23,173.38,33.85
2023-06-06,178.97,171.23,49.44,105.38,324.1,131.18,30.85,138.39,96.84,332.98,173.95,34.09
2023-06-07,177.58,170.96,49.41,106.0,332.97,132.85,31.17,139.73,99.51,322.7,174.78,34.64
2023-06-08,180.33,170.56,49.31,105.99,332.7,132.88,31.71,139.77,99.28,324.57,174.91,34.81
2023-06-09,180.72,171.13,49.29,106.22,333.24,133.76,31.23,140.05,98.43,326.1,175.6,34.85
2023-06-12,183.54,173.05,50.1,106.15,336.68,134.87,32.95,140.04,99.77,331.15,174.77,34.98
2023-06-13,183.06,174.54,50.42,106.66,339.67,136.03,33.79,141.05,101.23,333.58,176.12,34.86
2023-06-14,183.7,173.87,50.58,104.62,335.62,135.64,35.45,140.52,100.45,336.63,173.55,35.1
2023-06-15,185.76,173.22,51.54,105.33,336.93,136.83,35.69,142.11,102.28,347.36,175.97,35.8
2023-06-16,184.67,171.62,51.68,106.21,335.51,135.92,36.24,142.28,103.0,341.61,176.75,35.82
2023-06-20,184.76,168.83,51.16,103.94,327.99,134.41,34.87,141.56,100.79,337.34,175.56,35.18
2023-06-21,183.71,167.35,50.47,104.97,322.38,132.17,32.78,141.35,99.97,332.86,175.29,35.2
2023-06-22,186.75,167.68,50.74,104.74,316.94,129.68,32.59,138.63,98.95,338.99,175.01,35.22
2023-06-23,186.43,167.5,49.95,103.7,312.11,127.96,32.88,137.9,99.24,334.31,173.72,34.89
2023-06-26,185.02,166.54,49.83,104.37,309.78,129.85,33.22,138.24,98.93,327.91,172.39,35.47
2023-06-27,187.81,167.62,50.48,104.84,310.86,130.83,33.98,138.25,96.81,333.86,172.59,35.91
2023-06-28,188.99,169.2,50.49,106.97,311.07,130.26,33.45,137.64,97.12,335.14,168.37,36.17
2023-06-29,189.33,171.49,50.82,107.66,320.42,132.53,32.79,142.45,97.78,334.34,170.99,36.34
2023-06-30,193.71,173.6,51.35,109.77,319.87,132.29,33.32,144.45,98.62,339.82,173.66,36.54
2023-07-03,192.2,174.84,51.43,108.2,323.91,132.15,33.5,145.61,99.65,337.28,173.09,36.62
2023-07-05,191.07,174.97,51.51,108.57,317.4,132.71,32.39,144.64,97.18,337.44,172.59,36.82
2023-07-06,191.55,170.94,51.11,107.29,310.41,130.66,31.86,143.21,94.89,340.55,170.91,36.48
2023-07-07,190.42,169.8,50.99,108.19,312.56,130.58,31.74,144.34,95.86,336.51,171.65,35.9
2023-07-10,188.36,171.71,51.4,110.53,313.85,131.39,32.62,145.15,95.76,331.13,169.07,35.14
2023-07-11,187.83,174.64,52.12,111.22,318.23,132.91,33.18,147.42,100.42,331.77,172.36,34.99
2023-07-12,189.51,174.33,50.74,111.2,323.7,131.33,33.86,148.15,100.07,336.49,171.12,34.86
2023-07-13,190.28,174.24,51.53,111.28,325.96,132.4,33.75,148.87,101.34,341.94,168.22,34.64
2023-07-14,190.43,173.39,50.38,110.28,323.49,131.88,33.03,149.77,100.79,344.51,165.95,34.01
2023-07-17,193.73,175.39,50.81,111.14,324.49,132.71,34.25,153.38,100.2,345.0,168.59,31.46
2023-07-18,193.47,178.04,51.24,111.06,334.48,133.82,34.38,153.66,101.49,358.73,171.02,32.27
2023-07-19,194.84,177.12,52.43,109.89,337.73,133.94,34.34,154.25,101.96,354.33,170.56,33.97
2023-07-20,192.87,177.11,52.37,111.24,347.96,136.81,33.25,156.15,102.75,346.14,173.63,33.64
2023-07-21,191.68,170.22,52.63,110.33,349.05,137.36,33.9,154.95,102.79,343.04,172.82,33.88
2023-07-24,192.49,167.79,53.11,110.25,355.96,137.95,33.51,158.0,102.73,344.38,174.84,33.98
2023-07-25,193.36,166.5,53.6,117.16,351.77,138.73,33.98,156.82,108.21,350.24,172.12,34.24
2023-07-26,194.24,167.75,53.22,114.72,354.6,139.47,34.24,157.76,110.98,337.06,174.16,34.34
2023-07-27,192.96,163.6,53.0,115.42,351.58,141.34,34.43,156.02,109.55,330.02,174.87,33.55
2023-07-28,195.57,165.43,52.09,114.39,350.31,141.82,36.7,156.91,110.23,337.66,173.26,34.03
2023-07-31,196.19,168.88,52.04,114.24,352.93,142.54,35.64,157.96,109.86,335.21,172.61,34.08
